name,town,address,postal_code,detail_url,remarks,latitude,longitude,matched_address
Admiralty Primary School,Woodlands,"11 Woodlands Circle, S738907",738907,https://www.moe.gov.sg/schoolfinder/schooldetail/admiralty-primary-school,,1.442634790331114,103.800040119743,11 WOODLANDS CIRCLE ADMIRALTY PRIMARY SCHOOL SINGAPORE 738907
Ahmad Ibrahim Primary School,Yishun,"10 Yishun Street 11, S768643",768643,https://www.moe.gov.sg/schoolfinder/schooldetail/ahmad-ibrahim-primary-school,,1.433152715435181,103.8329424010853,10 YISHUN STREET 11 AHMAD IBRAHIM PRIMARY SCHOOL SINGAPORE 768643
Ai Tong School,Bishan,"100 Bright Hill Drive, S579646",579646,https://www.moe.gov.sg/schoolfinder/schooldetail/ai-tong-school,,1.360583433890406,103.8330203339857,100 BRIGHT HILL DRIVE AI TONG SCHOOL SINGAPORE 579646
Alexandra Primary School,Bukit Merah,"2A Prince Charles Crescent, S159016",159016,https://www.moe.gov.sg/schoolfinder/schooldetail/alexandra-primary-school,,1.291334391613348,103.8244246805311,2A PRINCE CHARLES CRESCENT ALEXANDRA PRIMARY SCHOOL SINGAPORE 159016
Anchor Green Primary School,Seng Kang,"31 Anchorvale Drive, S544969",544969,https://www.moe.gov.sg/schoolfinder/schooldetail/anchor-green-primary-school,,1.390369986546132,103.8871653759329,31 ANCHORVALE DRIVE ANCHOR GREEN PRIMARY SCHOOL SINGAPORE 544969
Anderson Primary School,Ang Mo Kio,"19 Ang Mo Kio Ave 9, S569785",569785,https://www.moe.gov.sg/schoolfinder/schooldetail/anderson-primary-school,,1.384264294367363,103.8413920811184,19 ANG MO KIO AVENUE 9 ANDERSON PRIMARY SCHOOL SINGAPORE 569785
Ang Mo Kio Primary School,Ang Mo Kio,"20 Ang Mo Kio Avenue 3, S569920",569920,https://www.moe.gov.sg/schoolfinder/schooldetail/ang-mo-kio-primary-school,,1.369321765846087,103.839630858752,20 ANG MO KIO AVENUE 3 ANG MO KIO PRIMARY SCHOOL SINGAPORE 569920
Anglo-Chinese School (Junior),Central,"16 Winstedt Road, S227988",227988,https://www.moe.gov.sg/schoolfinder/schooldetail/anglo-chinese-school-junior,,1.309350412749673,103.840950265464,16 WINSTEDT ROAD ANGLO-CHINESE SCHOOL (JUNIOR) SINGAPORE 227988
Anglo-Chinese School (Primary),Novena,"50 Barker Road, S309918",309918,https://www.moe.gov.sg/schoolfinder/schooldetail/anglo-chinese-school-primary,,1.31837054523522,103.8356097323541,50 BARKER ROAD ANGLO-CHINESE SCHOOL (PRIMARY) SINGAPORE 309918
Angsana Primary School,Tampines,"51 Tampines Street 61, S528565",528565,https://www.moe.gov.sg/schoolfinder/schooldetail/angsana-primary-school,,1.363605905883133,103.9389409003993,51 TAMPINES STREET 61 ANGSANA PRIMARY SCHOOL SINGAPORE 528565
Beacon Primary School,Bukit Panjang,"36 Bukit Panjang Ring Road, S679944",679944,https://www.moe.gov.sg/schoolfinder/schooldetail/beacon-primary-school,,1.383949362118238,103.7736320229752,36 BUKIT PANJANG RING ROAD BEACON PRIMARY SCHOOL SINGAPORE 679944
Bedok Green Primary School,Bedok,"1 Bedok South Ave 2, S469317",469317,https://www.moe.gov.sg/schoolfinder/schooldetail/bedok-green-primary-school,,1.323445932879926,103.937878976352,1 BEDOK SOUTH AVENUE 2 BEDOK GREEN PRIMARY SCHOOL SINGAPORE 469317
Bendemeer Primary School,Kallang,"91 Bendemeer Road, S339948",339948,https://www.moe.gov.sg/schoolfinder/schooldetail/bendemeer-primary-school,,1.321812507804748,103.8654041676288,91 BENDEMEER ROAD BENDEMEER PRIMARY SCHOOL SINGAPORE 339948
Blangah Rise Primary School,Bukit Merah,"91 Telok Blangah Heights, S109100",109100,https://www.moe.gov.sg/schoolfinder/schooldetail/blangah-rise-primary-school,,1.276120479240372,103.808628535239,91 TELOK BLANGAH HEIGHTS BLANGAH RISE PRIMARY SCHOOL SINGAPORE 109100
Boon Lay Garden Primary School,Jurong West,"20 Boon Lay Drive, S649930",649930,https://www.moe.gov.sg/schoolfinder/schooldetail/boon-lay-garden-primary-school,,1.343178537933179,103.7132808894514,20 BOON LAY DRIVE BOON LAY GARDEN PRIMARY SCHOOL SINGAPORE 649930
Bukit Panjang Primary School,Bukit Panjang,"109 Cashew Road, S679676",679676,https://www.moe.gov.sg/schoolfinder/schooldetail/bukit-panjang-primary-school,,1.373621793024374,103.7693749040251,109 CASHEW ROAD BUKIT PANJANG PRIMARY SCHOOL SINGAPORE 679676
Bukit Timah Primary School,Bukit Timah,"111 Lorong Kismis, S598112",598112,https://www.moe.gov.sg/schoolfinder/schooldetail/bukit-timah-primary-school,,1.33729955751691,103.7668287207205,111 LORONG KISMIS BUKIT TIMAH PRIMARY SCHOOL SINGAPORE 598112
Bukit View Primary School,Bukit Batok,"18 Bukit Batok Street 21, S659634",659634,https://www.moe.gov.sg/schoolfinder/schooldetail/bukit-view-primary-school,"Bukit View Primary School will relocate in 2027 to 101 Bukit Batok West Avenue 8, S659778. This new address will be used to determine home-school distance for the 2026 Primary 1 Registration Exercise.",1.345860547886968,103.75366641455,18 BUKIT BATOK STREET 21 BUKIT VIEW PRIMARY SCHOOL SINGAPORE 659634
Canberra Primary School,Sembawang,"21 Admiralty Drive, S757714",757714,https://www.moe.gov.sg/schoolfinder/schooldetail/canberra-primary-school,,1.451250243715436,103.8158588589283,21 ADMIRALTY DRIVE CANBERRA PRIMARY SCHOOL SINGAPORE 757714
Canossa Catholic Primary School,Geylang,"1 Sallim Road, S387621",387621,https://www.moe.gov.sg/schoolfinder/schooldetail/canossa-catholic-primary-school,,1.326644245448396,103.8822279648518,1 SALLIM ROAD CANOSSA CATHOLIC PRIMARY SCHOOL SINGAPORE 387621
Cantonment Primary School,Bukit Merah,"1 Cantonment Close, S088256",088256,https://www.moe.gov.sg/schoolfinder/schooldetail/cantonment-primary-school,,1.275472526232034,103.8399626317482,1 CANTONMENT CLOSE CANTONMENT PRIMARY SCHOOL SINGAPORE 088256
Casuarina Primary School,Pasir Ris,"30 Pasir Ris St 41, S518935",518935,https://www.moe.gov.sg/schoolfinder/schooldetail/casuarina-primary-school,,1.372460639280005,103.9570202861143,30 PASIR RIS STREET 41 CASUARINA PRIMARY SCHOOL SINGAPORE 518935
Catholic High School (Primary),Bishan,"9 Bishan Street 22, S579767",579767,https://www.moe.gov.sg/schoolfinder/schooldetail/catholic-high-school-primary,,1.354525170657562,103.8449008048039,9 BISHAN STREET 22 CATHOLIC HIGH SCHOOL SINGAPORE 579767
Cedar Primary School,Toa Payoh,"15 Cedar Avenue, S349700",349700,https://www.moe.gov.sg/schoolfinder/schooldetail/cedar-primary-school,,1.335588501431211,103.8756210494394,15 CEDAR AVENUE CEDAR PRIMARY SCHOOL SINGAPORE 349700
Changkat Primary School,Tampines,"11 Simei St 3, S529896",529896,https://www.moe.gov.sg/schoolfinder/schooldetail/changkat-primary-school,,1.340231639516331,103.9520801140343,11 SIMEI STREET 3 CHANGKAT PRIMARY SCHOOL SINGAPORE 529896
CHIJ (Katong) Primary,Bedok,"17 Martia Road, S424821",424821,https://www.moe.gov.sg/schoolfinder/schooldetail/chij-katong-primary,,1.306485352770875,103.9111056204962,17 MARTIA ROAD CHIJ (KATONG) PRIMARY SINGAPORE 424821
CHIJ (Kellock),Bukit Merah,"1 Bukit Teresa Road, S099757",099757,https://www.moe.gov.sg/schoolfinder/schooldetail/chij-kellock,,1.275022722964019,103.8281575648959,1 BUKIT TERESA ROAD CHIJ (KELLOCK) SINGAPORE 099757
CHIJ Our Lady of Good Counsel,Serangoon,"2C Burghley Drive, S558979",558979,https://www.moe.gov.sg/schoolfinder/schooldetail/chij-our-lady-of-good-counsel,,1.357429522696155,103.8640093973725,2C BURGHLEY DRIVE CHIJ OUR LADY OF GOOD COUNSEL SINGAPORE 558979
CHIJ Our Lady of the Nativity,Hougang,"1257 Upper Serangoon Road, S534793",534793,https://www.moe.gov.sg/schoolfinder/schooldetail/chij-our-lady-of-the-nativity,,1.373302971401289,103.8975757283031,1257 UPPER SERANGOON ROAD CHIJ OUR LADY OF THE NATIVITY SINGAPORE 534793
CHIJ Our Lady Queen of Peace,Bukit Panjang,"4 Chestnut Drive, S679287",679287,https://www.moe.gov.sg/schoolfinder/schooldetail/chij-our-lady-queen-of-peace,,1.366603668560997,103.7674122046017,4 CHESTNUT DRIVE CHIJ OUR LADY QUEEN OF PEACE SINGAPORE 679287
CHIJ Primary (Toa Payoh),Toa Payoh,"628 Lorong 1 Toa Payoh, S319765",319765,https://www.moe.gov.sg/schoolfinder/schooldetail/chij-primary-toa-payoh,"This school will be renamed to Convent of the Holy Infant Jesus (Primary) with effect from Friday, 1 January 2027.",1.332752647115879,103.8418472637856,628 LORONG 1 TOA PAYOH CHIJ PRIMARY (TOA PAYOH) SINGAPORE 319765
CHIJ St. Nicholas Girls' School (Primary),Ang Mo Kio,"501 Ang Mo Kio Street 13, S569405",569405,https://www.moe.gov.sg/schoolfinder/schooldetail/chij-st-nicholas-girls-school-primary,,1.373476878789176,103.8342532694353,501 ANG MO KIO STREET 13 CHIJ SAINT NICHOLAS GIRLS' SCHOOL SINGAPORE 569405
Chongfu School,Yishun,"170 Yishun Avenue 6, S768959",768959,https://www.moe.gov.sg/schoolfinder/schooldetail/chongfu-school,,1.438395628970071,103.8393091738164,170 YISHUN AVENUE 6 CHONGFU SCHOOL SINGAPORE 768959
Chongzheng Primary School,Tampines,"1 Tampines Street 21, S529392",529392,https://www.moe.gov.sg/schoolfinder/schooldetail/chongzheng-primary-school,,1.350707392377436,103.951399541868,1 TAMPINES STREET 21 CHONGZHENG PRIMARY SCHOOL SINGAPORE 529392
Chua Chu Kang Primary School,Choa Chu Kang,"20 Choa Chu Kang Avenue 2, S689905",689905,https://www.moe.gov.sg/schoolfinder/schooldetail/chua-chu-kang-primary-school,,1.377758900933685,103.7418329174204,20 CHOA CHU KANG AVENUE 2 CHUA CHU KANG PRIMARY SCHOOL SINGAPORE 689905
Clementi Primary School,Clementi,"8 Clementi Ave 3, S129903",129903,https://www.moe.gov.sg/schoolfinder/schooldetail/clementi-primary-school,,1.315063218278743,103.7631444936865,8 CLEMENTI AVENUE 3 CLEMENTI PRIMARY SCHOOL SINGAPORE 129903
Compassvale Primary School,Seng Kang,"21 Compassvale St, S545091",545091,https://www.moe.gov.sg/schoolfinder/schooldetail/compassvale-primary-school,,1.394445296365664,103.8978122299046,21 COMPASSVALE STREET COMPASSVALE PRIMARY SCHOOL SINGAPORE 545091
Concord Primary School,Choa Chu Kang,"3 Choa Chu Kang Ave 4, S689814",689814,https://www.moe.gov.sg/schoolfinder/schooldetail/concord-primary-school,,1.380008061972414,103.7362254407264,3 CHOA CHU KANG AVENUE 4 CONCORD PRIMARY SCHOOL SINGAPORE 689814
Corporation Primary School,Jurong West,"31 Jurong West Street 24, S648347",648347,https://www.moe.gov.sg/schoolfinder/schooldetail/corporation-primary-school,,1.350997798725388,103.7075937243418,31 JURONG WEST STREET 24 CORPORATION PRIMARY SCHOOL SINGAPORE 648347
Damai Primary School,Bedok,"52 Bedok Reservoir Crescent, S479226",479226,https://www.moe.gov.sg/schoolfinder/schooldetail/damai-primary-school,"Damai Primary School will relocate to Tampines North area tentatively in 2029. The school will not be admitting students to Primary 1 (P1) through the P1 Registration Exercises from 2025 to 2027. The school will only admit its first batch of P1 students tentatively in 2029 via the 2028 P1 Registration Exercise. Students currently studying at the campus at 52 Bedok Reservoir Crescent, Singapore 479226, will continue at the same location until they graduate by end 2030.",1.335461068004069,103.9212701696126,52 BEDOK RESERVOIR CRESCENT DAMAI PRIMARY SCHOOL SINGAPORE 479226
Dazhong Primary School,Bukit Batok,"35 Bukit Batok Street 31, S659441",659441,https://www.moe.gov.sg/schoolfinder/schooldetail/dazhong-primary-school,,1.359179744727699,103.7484721078394,35 BUKIT BATOK STREET 31 DAZHONG PRIMARY SCHOOL SINGAPORE 659441
De La Salle School,Choa Chu Kang,"11 Choa Chu Kang St 52, S689285",689285,https://www.moe.gov.sg/schoolfinder/schooldetail/de-la-salle-school,,1.394707829639912,103.7432018128304,11 CHOA CHU KANG STREET 52 DE LA SALLE SCHOOL SINGAPORE 689285
East Spring Primary School,Tampines,"31 Tampines St 33, S529258",529258,https://www.moe.gov.sg/schoolfinder/schooldetail/east-spring-primary-school,,1.352684007463578,103.9616768491644,31 TAMPINES STREET 33 EAST SPRING PRIMARY SCHOOL SINGAPORE 529258
Edgefield Primary School,Punggol,"41 Edgefield Plains, S828869",828869,https://www.moe.gov.sg/schoolfinder/schooldetail/edgefield-primary-school,,1.400091395109958,103.907847599114,41 EDGEFIELD PLAINS EDGEFIELD PRIMARY SCHOOL SINGAPORE 828869
Elias Park Primary School,Pasir Ris,"11 Pasir Ris Street 52, S518866",518866,https://www.moe.gov.sg/schoolfinder/schooldetail/elias-park-primary-school,,1.374512693777769,103.9451281171382,11 PASIR RIS STREET 52 ELIAS PARK PRIMARY SCHOOL SINGAPORE 518866
Endeavour Primary School,Sembawang,"10 Admiralty Link, S757521",757521,https://www.moe.gov.sg/schoolfinder/schooldetail/endeavour-primary-school,,1.454038374993021,103.8174362317305,10 ADMIRALTY LINK ENDEAVOUR PRIMARY SCHOOL SINGAPORE 757521
Evergreen Primary School,Woodlands,"31 Woodlands Circle, S738908",738908,https://www.moe.gov.sg/schoolfinder/schooldetail/evergreen-primary-school,,1.444153328247356,103.7945777877569,31 WOODLANDS CIRCLE EVERGREEN PRIMARY SCHOOL SINGAPORE 738908
Fairfield Methodist School (Primary),Queenstown,"100 Dover Road, S139648",139648,https://www.moe.gov.sg/schoolfinder/schooldetail/fairfield-methodist-school-primary,,1.300540824534253,103.7854382700432,100 DOVER ROAD FAIRFIELD METHODIST SCHOOL (PRIMARY) SINGAPORE 139648
Farrer Park Primary School,Kallang,"2 Farrer Park Road, S217567",217567,https://www.moe.gov.sg/schoolfinder/schooldetail/farrer-park-primary-school,,1.312368676813718,103.8507664029651,2 FARRER PARK ROAD FARRER PARK PRIMARY SCHOOL SINGAPORE 217567
Fengshan Primary School,Bedok,"307 Bedok North Road, S469680",469680,https://www.moe.gov.sg/schoolfinder/schooldetail/fengshan-primary-school,,1.32980598760785,103.9317102930578,307 BEDOK NORTH ROAD FENGSHAN PRIMARY SCHOOL SINGAPORE 469680
Fern Green Primary School,Seng Kang,"70 Fernvale Link, S797538",797538,https://www.moe.gov.sg/schoolfinder/schooldetail/fern-green-primary-school,,1.397269660504794,103.8803303056833,70 FERNVALE LINK FERN GREEN PRIMARY SCHOOL SINGAPORE 797538
Fernvale Primary School,Seng Kang,"1 Fernvale Lane, S797701",797701,https://www.moe.gov.sg/schoolfinder/schooldetail/fernvale-primary-school,,1.390302279637964,103.874445458032,1 FERNVALE LANE FERNVALE PRIMARY SCHOOL SINGAPORE 797701
First Toa Payoh Primary School,Toa Payoh,"7 Lorong 8 Toa Payoh, S319252",319252,https://www.moe.gov.sg/schoolfinder/schooldetail/first-toa-payoh-primary-school,,1.34032299499939,103.8555299061816,7 LORONG 8 TOA PAYOH FIRST TOA PAYOH PRIMARY SCHOOL SINGAPORE 319252
Frontier Primary School,Jurong West,"20 Jurong West Street 61, S648200",648200,https://www.moe.gov.sg/schoolfinder/schooldetail/frontier-primary-school,,1.336412987432344,103.6997017393095,20 JURONG WEST STREET 61 FRONTIER PRIMARY SCHOOL SINGAPORE 648200
Fuchun Primary School,Woodlands,"23 Woodlands Avenue 1, S739063",739063,https://www.moe.gov.sg/schoolfinder/schooldetail/fuchun-primary-school,,1.430479908101254,103.7781929442981,23 WOODLANDS AVENUE 1 FUCHUN PRIMARY SCHOOL SINGAPORE 739063
Fuhua Primary School,Jurong East,"65 Jurong East Street 13, S609647",609647,https://www.moe.gov.sg/schoolfinder/schooldetail/fuhua-primary-school,,1.33650394789626,103.7361037457481,65 JURONG EAST STREET 13 FUHUA PRIMARY SCHOOL SINGAPORE 609647
Gan Eng Seng Primary School,Bukit Merah,"100 Redhill Close, S158901",158901,https://www.moe.gov.sg/schoolfinder/schooldetail/gan-eng-seng-primary-school,,1.285595164949621,103.8155474100632,100 REDHILL CLOSE GAN ENG SENG PRIMARY SCHOOL SINGAPORE 158901
Geylang Methodist School (Primary),Geylang,"4 Geylang East Central, S389706",389706,https://www.moe.gov.sg/schoolfinder/schooldetail/geylang-methodist-school-primary,,1.317591267572844,103.883845744916,4 GEYLANG EAST CENTRAL GEYLANG METHODIST SCHOOL (PRIMARY) SINGAPORE 389706
Gongshang Primary School,Tampines,"1 Tampines Street 42, S529176",529176,https://www.moe.gov.sg/schoolfinder/schooldetail/gongshang-primary-school,,1.357237213932984,103.9491153201717,1 TAMPINES STREET 42 GONGSHANG PRIMARY SCHOOL SINGAPORE 529176
Greendale Primary School,Punggol,"50 Edgedale Plains, S828848",828848,https://www.moe.gov.sg/schoolfinder/schooldetail/greendale-primary-school,,1.39648195114255,103.9123346207095,50 EDGEDALE PLAINS GREENDALE PRIMARY SCHOOL SINGAPORE 828848
Greenridge Primary School,Bukit Panjang,"11 Jelapang Road, S677744",677744,https://www.moe.gov.sg/schoolfinder/schooldetail/greenridge-primary-school,,1.385889219369218,103.7677944692579,11 JELAPANG ROAD GREENRIDGE PRIMARY SCHOOL SINGAPORE 677744
Greenwood Primary School,Woodlands,"11 Woodlands Dr 62, S737942",737942,https://www.moe.gov.sg/schoolfinder/schooldetail/greenwood-primary-school,,1.439899583317834,103.8047255873839,11 WOODLANDS DRIVE 62 GREENWOOD PRIMARY SCHOOL SINGAPORE 737942
Haig Girls' School,Geylang,"51 Koon Seng Road, S427072",427072,https://www.moe.gov.sg/schoolfinder/schooldetail/haig-girls-school,,1.311943442713839,103.9029025571947,51 KOON SENG ROAD HAIG GIRLS' SCHOOL SINGAPORE 427072
Henry Park Primary School,Bukit Timah,"1 Holland Grove Road, S278790",278790,https://www.moe.gov.sg/schoolfinder/schooldetail/henry-park-primary-school,,1.316676461783479,103.7842962277468,1 HOLLAND GROVE ROAD HENRY PARK PRIMARY SCHOOL SINGAPORE 278790
Holy Innocents' Primary School,Hougang,"5 Lorong Low Koon, S536451",536451,https://www.moe.gov.sg/schoolfinder/schooldetail/holy-innocents-primary-school,,1.366938308773486,103.8941148997942,5 LORONG LOW KOON HOLY INNOCENTS' PRIMARY SCHOOL SINGAPORE 536451
Hong Wen School,Kallang,"30 Towner Road, S327829",327829,https://www.moe.gov.sg/schoolfinder/schooldetail/hong-wen-school,,1.321759999645534,103.8576284688807,30 TOWNER ROAD HONG WEN SCHOOL SINGAPORE 327829
Horizon Primary School,Punggol,"61 Edgedale Plains, S828819",828819,https://www.moe.gov.sg/schoolfinder/schooldetail/horizon-primary-school,,1.399550034492005,103.9134048556651,61 EDGEDALE PLAINS HORIZON PRIMARY SCHOOL SINGAPORE 828819
Hougang Primary School,Hougang,"1 Hougang St 93, S534238",534238,https://www.moe.gov.sg/schoolfinder/schooldetail/hougang-primary-school,,1.377382452314626,103.8808052745566,1 HOUGANG STREET 93 HOUGANG PRIMARY SCHOOL SINGAPORE 534238
Huamin Primary School,Yishun,"21 Yishun Avenue 11, S768857",768857,https://www.moe.gov.sg/schoolfinder/schooldetail/huamin-primary-school,,1.426972845129362,103.8442402265639,21 YISHUN AVENUE 11 HUAMIN PRIMARY SCHOOL SINGAPORE 768857
Innova Primary School,Woodlands,"80 Woodlands Drive 17, S737888",737888,https://www.moe.gov.sg/schoolfinder/schooldetail/innova-primary-school,,1.42896700684852,103.7906075391852,80 WOODLANDS DRIVE 17 INNOVA PRIMARY SCHOOL SINGAPORE 737888
Jiemin Primary School,Yishun,"2 Yishun Street 71, S768515",768515,https://www.moe.gov.sg/schoolfinder/schooldetail/jiemin-primary-school,,1.427688476652264,103.8304254900925,2 YISHUN STREET 71 JIEMIN PRIMARY SCHOOL SINGAPORE 768515
Jing Shan Primary School,Ang Mo Kio,"5 Ang Mo Kio St 52, S569228",569228,https://www.moe.gov.sg/schoolfinder/schooldetail/jing-shan-primary-school,,1.372232909834984,103.852132214306,5 ANG MO KIO STREET 52 JING SHAN PRIMARY SCHOOL SINGAPORE 569228
Junyuan Primary School,Tampines,"2 Tampines Street 91, S528906",528906,https://www.moe.gov.sg/schoolfinder/schooldetail/junyuan-primary-school,,1.347870747667462,103.9392217090732,2 TAMPINES STREET 91 JUNYUAN PRIMARY SCHOOL SINGAPORE 528906
Jurong Primary School,Jurong East,"320 Jurong East Street 32, S609476",609476,https://www.moe.gov.sg/schoolfinder/schooldetail/jurong-primary-school,,1.348438596989479,103.7331565668572,320 JURONG EAST STREET 32 JURONG PRIMARY SCHOOL SINGAPORE 609476
Jurong West Primary School,Jurong West,"30 Jurong West St 61, S648368",648368,https://www.moe.gov.sg/schoolfinder/schooldetail/jurong-west-primary-school,,1.33917519796104,103.6988037322437,30 JURONG WEST STREET 61 JURONG WEST PRIMARY SCHOOL SINGAPORE 648368
Keming Primary School,Bukit Batok,"90 Bukit Batok East Avenue 6, S659762",659762,https://www.moe.gov.sg/schoolfinder/schooldetail/keming-primary-school,,1.345528499608757,103.7564493993506,90 BUKIT BATOK EAST AVENUE 6 KEMING PRIMARY SCHOOL SINGAPORE 659762
Kheng Cheng School,Toa Payoh,"15 Lorong 3 Toa Payoh, S319580",319580,https://www.moe.gov.sg/schoolfinder/schooldetail/kheng-cheng-school,,1.337338193563907,103.8471485018234,15 LORONG 3 TOA PAYOH KHENG CHENG SCHOOL SINGAPORE 319580
Kong Hwa School,Geylang,"350 Guillemard Road, S399772",399772,https://www.moe.gov.sg/schoolfinder/schooldetail/kong-hwa-school,,1.310996740091935,103.8883520290672,350 GUILLEMARD ROAD KONG HWA SCHOOL SINGAPORE 399772
Kranji Primary School,Choa Chu Kang,"11 Choa Chu Kang Street 54, S689189",689189,https://www.moe.gov.sg/schoolfinder/schooldetail/kranji-primary-school,"Kranji Primary School will relocate to Tengah area tentatively in 2028. The school will not be admitting students to Primary 1 (P1) through the P1 Registration Exercises from 2024 to 2026. The school will only admit its first batch of P1 students tentatively in 2028 via the 2027 P1 Registration Exercise. Students currently studying at the campus at 11 Choa Chu Kang St 54, Singapore 689189, will continue at the same location until they graduate by end 2029.",1.393560504971042,103.7473627209389,11 CHOA CHU KANG STREET 54 KRANJI PRIMARY SCHOOL SINGAPORE 689189
Kuo Chuan Presbyterian Primary School,Bishan,"8 Bishan Street 13, S579793",579793,https://www.moe.gov.sg/schoolfinder/schooldetail/kuo-chuan-presbyterian-primary-school,,1.349398136695366,103.8550182333104,8 BISHAN STREET 13 KUO CHUAN PRESBYTERIAN PRIMARY SCHOOL SINGAPORE 579793
Lakeside Primary School,Jurong West,"161 Corporation Walk, S618310",618310,https://www.moe.gov.sg/schoolfinder/schooldetail/lakeside-primary-school,,1.338203977042863,103.718089546664,161 CORPORATION WALK LAKESIDE PRIMARY SCHOOL SINGAPORE 618310
Lianhua Primary School,Bukit Batok,"2 Bukit Batok Street 52, S659243",659243,https://www.moe.gov.sg/schoolfinder/schooldetail/lianhua-primary-school,,1.354241911272948,103.7541658287112,2 BUKIT BATOK STREET 52 LIANHUA PRIMARY SCHOOL SINGAPORE 659243
Maha Bodhi School,Geylang,"10 Ubi Avenue 1, S408931",408931,https://www.moe.gov.sg/schoolfinder/schooldetail/maha-bodhi-school,,1.328470866583848,103.9012987373137,10 UBI AVENUE 1 MAHA BODHI SCHOOL SINGAPORE 408931
Maris Stella High School (Primary),Toa Payoh,"25 Mount Vernon Road, S368051",368051,https://www.moe.gov.sg/schoolfinder/schooldetail/maris-stella-high-school-primary,"The school will operate at partial single-session at the former MacPherson Primary School site (2 Matter Road, S387724) from January 2027. It will also turn co-educational from 2027. The school will move back to its permanent site at Mount Vernon, tentatively in December 2029, and revert to full single-session. The permanent site will continue to be used to determine the home-school distance for Primary 1 registration during the relocation period.",1.341394733236683,103.8778524844351,25 MOUNT VERNON ROAD MARIS STELLA HIGH SCHOOL SINGAPORE 368051
Marsiling Primary School,Woodlands,"31 Woodlands Centre Road, S738927",738927,https://www.moe.gov.sg/schoolfinder/schooldetail/marsiling-primary-school,,1.43383904037059,103.7736430138458,31 WOODLANDS CENTRE ROAD MARSILING PRIMARY SCHOOL SINGAPORE 738927
Marymount Convent School,Toa Payoh,"20 Marymount Road, S297754",297754,https://www.moe.gov.sg/schoolfinder/schooldetail/marymount-convent-school,,1.340366769873745,103.8400210644257,20 MARYMOUNT ROAD MARYMOUNT CONVENT SCHOOL SINGAPORE 297754
Mayflower Primary School,Ang Mo Kio,"200 Ang Mo Kio Avenue 5, S569878",569878,https://www.moe.gov.sg/schoolfinder/schooldetail/mayflower-primary-school,,1.376376835476832,103.8432528037418,200 ANG MO KIO AVENUE 5 MAYFLOWER PRIMARY SCHOOL SINGAPORE 569878
Mee Toh School,Punggol,"21 Edgedale Plains, S828867",828867,https://www.moe.gov.sg/schoolfinder/schooldetail/mee-toh-school,,1.394618453859209,103.9085894942275,21 EDGEDALE PLAINS MEE TOH SCHOOL SINGAPORE 828867
Meridian Primary School,Pasir Ris,"20 Pasir Ris St 71, S518798",518798,https://www.moe.gov.sg/schoolfinder/schooldetail/meridian-primary-school,,1.375528316584852,103.9348890785176,20 PASIR RIS STREET 71 MERIDIAN PRIMARY SCHOOL SINGAPORE 518798
Methodist Girls' School (Primary),Bukit Timah,"11 Blackmore Drive, S599986",599986,https://www.moe.gov.sg/schoolfinder/schooldetail/methodist-girls-school-primary,,1.332948009357135,103.7833930098286,11 BLACKMORE DRIVE METHODIST GIRLS' SCHOOL SINGAPORE 599986
Montfort Junior School,Hougang,"52 Hougang Avenue 8, S538786",538786,https://www.moe.gov.sg/schoolfinder/schooldetail/montfort-junior-school,,1.373824440759788,103.889307782925,52 HOUGANG AVENUE 8 MONTFORT JUNIOR SCHOOL SINGAPORE 538786
Nan Chiau Primary School,Seng Kang,"50 Anchorvale Link, S545080",545080,https://www.moe.gov.sg/schoolfinder/schooldetail/nan-chiau-primary-school,,1.392211499065922,103.8911809281854,50 ANCHORVALE LINK NAN CHIAU PRIMARY SCHOOL SINGAPORE 545080
Nan Hua Primary School,Clementi,"30 Jalan Lempeng, S128806",128806,https://www.moe.gov.sg/schoolfinder/schooldetail/nan-hua-primary-school,,1.319201599563877,103.7610950657604,30 JALAN LEMPENG NAN HUA PRIMARY SCHOOL SINGAPORE 128806
Nanyang Primary School,Bukit Timah,"52 King's Road, S268097",268097,https://www.moe.gov.sg/schoolfinder/schooldetail/nanyang-primary-school,,1.320847499045325,103.8077501552959,52 KING'S ROAD NANYANG PRIMARY SCHOOL SINGAPORE 268097
Naval Base Primary School,Yishun,"7 Yishun Ave 4, S769028",769028,https://www.moe.gov.sg/schoolfinder/schooldetail/naval-base-primary-school,,1.416306631593873,103.8387940772327,7 YISHUN AVENUE 4 NAVAL BASE PRIMARY SCHOOL SINGAPORE 769028
New Town Primary School,Queenstown,"300 Tanglin Halt Road, S148812",148812,https://www.moe.gov.sg/schoolfinder/schooldetail/new-town-primary-school,,1.299641881810217,103.8001021630402,300 TANGLIN HALT ROAD NEW TOWN PRIMARY SCHOOL SINGAPORE 148812
Ngee Ann Primary School,Marine Parade,"344 Marine Terrace, S449149",449149,https://www.moe.gov.sg/schoolfinder/schooldetail/ngee-ann-primary-school,,1.305525059104983,103.9174630174967,344 MARINE TERRACE NGEE ANN PRIMARY SCHOOL SINGAPORE 449149
North Spring Primary School,Seng Kang,"1 Rivervale Street, S545088",545088,https://www.moe.gov.sg/schoolfinder/schooldetail/north-spring-primary-school,,1.387061464948597,103.9032026830277,1 RIVERVALE STREET NORTH SPRING PRIMARY SCHOOL SINGAPORE 545088
North View Primary School,Yishun,"210 Yishun Avenue 6, S768960",768960,https://www.moe.gov.sg/schoolfinder/schooldetail/north-view-primary-school,,1.427523271937279,103.8481907878688,210 YISHUN AVENUE 6 NORTH VIEW PRIMARY SCHOOL SINGAPORE 768960
North Vista Primary School,Seng Kang,"20 Compassvale Link, S544974",544974,https://www.moe.gov.sg/schoolfinder/schooldetail/north-vista-primary-school,,1.382822430162999,103.8959618779278,20 COMPASSVALE LINK NORTH VISTA PRIMARY SCHOOL SINGAPORE 544974
Northland Primary School,Yishun,"15 Yishun Avenue 4, S769026",769026,https://www.moe.gov.sg/schoolfinder/schooldetail/northland-primary-school,,1.420969899189534,103.840928424929,15 YISHUN AVENUE 4 NORTHLAND PRIMARY SCHOOL SINGAPORE 769026
Northoaks Primary School,Sembawang,"61 Sembawang Drive, S757622",757622,https://www.moe.gov.sg/schoolfinder/schooldetail/northoaks-primary-school,,1.45660782030104,103.814196981329,61 SEMBAWANG DRIVE NORTHOAKS PRIMARY SCHOOL SINGAPORE 757622
Northshore Primary School,Punggol,"30 Northshore Drive, S828671",828671,https://www.moe.gov.sg/schoolfinder/schooldetail/northshore-primary-school,,1.418138033366677,103.9044169097418,30 NORTHSHORE DRIVE NORTHSHORE PRIMARY SCHOOL SINGAPORE 828671
Oasis Primary School,Punggol,"71 Edgefield Plains, S828716",828716,https://www.moe.gov.sg/schoolfinder/schooldetail/oasis-primary-school,,1.404624132007935,103.9111206006377,71 EDGEFIELD PLAINS OASIS PRIMARY SCHOOL SINGAPORE 828716
Opera Estate Primary School,Bedok,"48 Fidelio Street, S458436",458436,https://www.moe.gov.sg/schoolfinder/schooldetail/opera-estate-primary-school,,1.319319144362567,103.923788259248,48 FIDELIO STREET OPERA ESTATE PRIMARY SCHOOL SINGAPORE 458436
Palm View Primary School,Seng Kang,"150 Compassvale Bow, S544822",544822,https://www.moe.gov.sg/schoolfinder/schooldetail/palm-view-primary-school,,1.383769230221237,103.891354675017,150 COMPASSVALE BOW PALM VIEW PRIMARY SCHOOL SINGAPORE 544822
Park View Primary School,Pasir Ris,"60 Pasir Ris Drive 1, S519524",519524,https://www.moe.gov.sg/schoolfinder/schooldetail/park-view-primary-school,,1.377380698542497,103.9395416956535,60 PASIR RIS DRIVE 1 PARK VIEW PRIMARY SCHOOL SINGAPORE 519524
Pasir Ris Primary School,Pasir Ris,"5 Pasir Ris Street 21, S518968",518968,https://www.moe.gov.sg/schoolfinder/schooldetail/pasir-ris-primary-school,,1.372418702455316,103.9628072121161,5 PASIR RIS STREET 21 PASIR RIS PRIMARY SCHOOL SINGAPORE 518968
Paya Lebar Methodist Girls' School (Primary),Hougang,"298 Lorong Ah Soo, S536741",536741,https://www.moe.gov.sg/schoolfinder/schooldetail/paya-lebar-methodist-girls-school-primary,,1.349472762683966,103.8849713431423,298 LORONG AH SOO PAYA LEBAR METHODIST GIRLS' SCHOOL (PRIMARY) SINGAPORE 536741
Pei Chun Public School,Toa Payoh,"16 Lorong 7 Toa Payoh, S319320",319320,https://www.moe.gov.sg/schoolfinder/schooldetail/pei-chun-public-school,,1.33737358725953,103.8555855780611,16 LORONG 7 TOA PAYOH PEI CHUN PUBLIC SCHOOL SINGAPORE 319320
Pei Hwa Presbyterian Primary School,Bukit Timah,"7 Pei Wah Avenue, S597610",597610,https://www.moe.gov.sg/schoolfinder/schooldetail/pei-hwa-presbyterian-primary-school,,1.338056346130476,103.7761064486133,7 PEI WAH AVENUE PEI HWA PRESBYTERIAN PRIMARY SCHOOL SINGAPORE 597610
Pei Tong Primary School,Clementi,"15 Clementi Avenue 5, S129857",129857,https://www.moe.gov.sg/schoolfinder/schooldetail/pei-tong-primary-school,,1.31619786415977,103.7675998188441,15 CLEMENTI AVENUE 5 PEI TONG PRIMARY SCHOOL SINGAPORE 129857
Peiying Primary School,Yishun,"651 Yishun Ring Road, S768687",768687,https://www.moe.gov.sg/schoolfinder/schooldetail/peiying-primary-school,,1.417233396959044,103.8304170906976,651 YISHUN RING ROAD PEIYING PRIMARY SCHOOL SINGAPORE 768687
Pioneer Primary School,Tengah,"80 Tengah Garden Avenue, S699915",699915,https://www.moe.gov.sg/schoolfinder/schooldetail/pioneer-primary-school,,1.354425929307369,103.7327909201966,80 TENGAH GARDEN AVENUE PIONEER PRIMARY SCHOOL SINGAPORE 699915
Poi Ching School,Tampines,"21 Tampines Street 71, S529067",529067,https://www.moe.gov.sg/schoolfinder/schooldetail/poi-ching-school,,1.35765122315688,103.9352464771987,21 TAMPINES STREET 71 POI CHING SCHOOL SINGAPORE 529067
Princess Elizabeth Primary School,Bukit Batok,"30 Bukit Batok West Avenue 3, S659163",659163,https://www.moe.gov.sg/schoolfinder/schooldetail/princess-elizabeth-primary-school,,1.349203512653009,103.7410196447094,30 BUKIT BATOK WEST AVENUE 3 PRINCESS ELIZABETH PRIMARY SCHOOL SINGAPORE 659163
Punggol Cove Primary School,Punggol,"52 Sumang Walk, S828674",828674,https://www.moe.gov.sg/schoolfinder/schooldetail/punggol-cove-primary-school,,1.411599232730683,103.8988039211635,52 SUMANG WALK PUNGGOL COVE PRIMARY SCHOOL SINGAPORE 828674
Punggol Green Primary School,Punggol,"98 Punggol Walk, S828772",828772,https://www.moe.gov.sg/schoolfinder/schooldetail/punggol-green-primary-school,,1.401872206432952,103.8988013303018,98 PUNGGOL WALK PUNGGOL GREEN PRIMARY SCHOOL SINGAPORE 828772
Punggol Primary School,Hougang,"61 Hougang Avenue 8, S538787",538787,https://www.moe.gov.sg/schoolfinder/schooldetail/punggol-primary-school,,1.377794511910953,103.8945069336673,61 HOUGANG AVENUE 8 PUNGGOL PRIMARY SCHOOL SINGAPORE 538787
Punggol View Primary School,Punggol,"9 Punggol Place, S828845",828845,https://www.moe.gov.sg/schoolfinder/schooldetail/punggol-view-primary-school,,1.405145826479627,103.9051563713755,9 PUNGGOL PLACE PUNGGOL VIEW PRIMARY SCHOOL SINGAPORE 828845
Qifa Primary School,Clementi,"50 West Coast Avenue, S128104",128104,https://www.moe.gov.sg/schoolfinder/schooldetail/qifa-primary-school,,1.313251138672717,103.7567432619578,50 WEST COAST AVENUE QIFA PRIMARY SCHOOL SINGAPORE 128104
Qihua Primary School,Woodlands,"5 Woodlands Street 81, S738525",738525,https://www.moe.gov.sg/schoolfinder/schooldetail/qihua-primary-school,,1.4420359661233,103.7883397568976,5 WOODLANDS STREET 81 QIHUA PRIMARY SCHOOL SINGAPORE 738525
Queenstown Primary School,Queenstown,"310 Margaret Dr, S149303",149303,https://www.moe.gov.sg/schoolfinder/schooldetail/queenstown-primary-school,,1.295593650090142,103.8075486173318,310 MARGARET DRIVE QUEENSTOWN PRIMARY SCHOOL SINGAPORE 149303
Radin Mas Primary School,Bukit Merah,"1 Bukit Purmei Avenue, S099840",099840,https://www.moe.gov.sg/schoolfinder/schooldetail/radin-mas-primary-school,,1.274958236226361,103.8241882703726,1 BUKIT PURMEI AVENUE RADIN MAS PRIMARY SCHOOL SINGAPORE 099840
Raffles Girls' Primary School,Bukit Timah,"21 Hillcrest Road, S289072",289072,https://www.moe.gov.sg/schoolfinder/schooldetail/raffles-girls-primary-school,,1.329404260001214,103.806442915912,21 HILLCREST ROAD RAFFLES GIRLS' PRIMARY SCHOOL SINGAPORE 289072
Red Swastika School,Bedok,"350 Bedok North Avenue 3, S469719",469719,https://www.moe.gov.sg/schoolfinder/schooldetail/red-swastika-school,,1.333242978477317,103.9343323144038,350 BEDOK NORTH AVENUE 3 RED SWASTIKA SCHOOL SINGAPORE 469719
River Valley Primary School,Central,"2 River Valley Green, S237993",237993,https://www.moe.gov.sg/schoolfinder/schooldetail/river-valley-primary-school,,1.294223284616904,103.8358151658283,2 RIVER VALLEY GREEN RIVER VALLEY PRIMARY SCHOOL SINGAPORE 237993
Riverside Primary School,Woodlands,"110 Woodlands Crescent, S737803",737803,https://www.moe.gov.sg/schoolfinder/schooldetail/riverside-primary-school,,1.447047342537201,103.801831963297,110 WOODLANDS CRESCENT RIVERSIDE PRIMARY SCHOOL SINGAPORE 737803
Rivervale Primary School,Seng Kang,"80 Rivervale Drive, S545092",545092,https://www.moe.gov.sg/schoolfinder/schooldetail/rivervale-primary-school,,1.393409977677617,103.9045595119971,80 RIVERVALE DRIVE RIVERVALE PRIMARY SCHOOL SINGAPORE 545092
Rosyth School,Serangoon,"21 Serangoon North Avenue 4, S555855",555855,https://www.moe.gov.sg/schoolfinder/schooldetail/rosyth-school,,1.372890674990646,103.8750015491733,21 SERANGOON NORTH AVENUE 4 ROSYTH SCHOOL SINGAPORE 555855
Rulang Primary School,Jurong West,"6 Jurong West Street 52, S649295",649295,https://www.moe.gov.sg/schoolfinder/schooldetail/rulang-primary-school,,1.346738688890966,103.7184579554868,6 JURONG WEST STREET 52 RULANG PRIMARY SCHOOL SINGAPORE 649295
Sembawang Primary School,Sembawang,"10 Sembawang Drive, S757715",757715,https://www.moe.gov.sg/schoolfinder/schooldetail/sembawang-primary-school,,1.445046762056599,103.82102212387,10 SEMBAWANG DRIVE SEMBAWANG PRIMARY SCHOOL SINGAPORE 757715
Seng Kang Primary School,Seng Kang,"21 Compassvale Walk, S545166",545166,https://www.moe.gov.sg/schoolfinder/schooldetail/seng-kang-primary-school,,1.389497404224623,103.8997671120465,21 COMPASSVALE WALK SENG KANG PRIMARY SCHOOL SINGAPORE 545166
Sengkang Green Primary School,Seng Kang,"15 Fernvale Road, S797636",797636,https://www.moe.gov.sg/schoolfinder/schooldetail/sengkang-green-primary-school,,1.39284606680478,103.8752176664857,15 FERNVALE ROAD SENGKANG GREEN PRIMARY SCHOOL SINGAPORE 797636
Shuqun Primary School,Jurong West,"8 Jurong West Street 51, S649332",649332,https://www.moe.gov.sg/schoolfinder/schooldetail/shuqun-primary-school,,1.347653114316325,103.7215237133784,8 JURONG WEST STREET 51 SHUQUN PRIMARY SCHOOL SINGAPORE 649332
Si Ling Primary School,Woodlands,"61 Woodlands Avenue 1, S739067",739067,https://www.moe.gov.sg/schoolfinder/schooldetail/si-ling-primary-school,,1.432409357325257,103.786035065192,61 WOODLANDS AVENUE 1 SI LING PRIMARY SCHOOL SINGAPORE 739067
Singapore Chinese Girls' Primary School,Novena,"190 Dunearn Road, S309437",309437,https://www.moe.gov.sg/schoolfinder/schooldetail/singapore-chinese-girls-primary-school,,1.320634083518409,103.8281649669527,190 DUNEARN ROAD SINGAPORE CHINESE GIRLS' SCHOOL SINGAPORE 309437
South View Primary School,Choa Chu Kang,"6 Choa Chu Kang Central, S689762",689762,https://www.moe.gov.sg/schoolfinder/schooldetail/south-view-primary-school,,1.381666643897507,103.7462758460104,6 CHOA CHU KANG CENTRAL SOUTH VIEW PRIMARY SCHOOL SINGAPORE 689762
Springdale Primary School,Seng Kang,"71 Anchorvale Link, S544799",544799,https://www.moe.gov.sg/schoolfinder/schooldetail/springdale-primary-school,,1.394670102992936,103.8899262212472,71 ANCHORVALE LINK SPRINGDALE PRIMARY SCHOOL SINGAPORE 544799
St Andrew's School (Junior),Toa Payoh,"2 Francis Thomas Drive, S359337",359337,https://www.moe.gov.sg/schoolfinder/schooldetail/st-andrews-school-junior,,1.331402553088687,103.8651171343843,2 FRANCIS THOMAS DRIVE ST ANDREW'S SCHOOL (JUNIOR) SINGAPORE 359337
St. Anthony's Canossian Primary School,Bedok,"1602 Bedok North Ave 4, S469701",469701,https://www.moe.gov.sg/schoolfinder/schooldetail/st-anthonys-canossian-primary-school,,1.33472537301891,103.9412348682017,1602 BEDOK NORTH AVENUE 4 SAINT ANTHONY'S CANOSSIAN PRIMARY SCHOOL SINGAPORE 469701
St. Anthony's Primary School,Bukit Batok,"30 Bukit Batok St 32, S659401",659401,https://www.moe.gov.sg/schoolfinder/schooldetail/st-anthonys-primary-school,,1.364119484758337,103.7492519190488,30 BUKIT BATOK STREET 32 SAINT ANTHONY'S PRIMARY SCHOOL SINGAPORE 659401
St. Gabriel's Primary School,Serangoon,"220 Lorong Chuan, S556742",556742,https://www.moe.gov.sg/schoolfinder/schooldetail/st-gabriels-primary-school,,1.349471926538616,103.8625610377067,220 LORONG CHUAN SAINT GABRIEL'S PRIMARY SCHOOL SINGAPORE 556742
St. Hilda's Primary School,Tampines,"2 Tampines Ave 3, S529706",529706,https://www.moe.gov.sg/schoolfinder/schooldetail/st-hildas-primary-school,,1.349385650363364,103.9370071336614,2 TAMPINES AVENUE 3 SAINT HILDA'S PRIMARY SCHOOL SINGAPORE 529706
St. Joseph's Institution Junior,Novena,"3 Essex Road, S309331",309331,https://www.moe.gov.sg/schoolfinder/schooldetail/st-josephs-institution-junior,,1.317728609869134,103.8456119352347,3 ESSEX ROAD SAINT JOSEPH'S INSTITUTION JUNIOR SINGAPORE 309331
St. Margaret's School (Primary),Central,"136 Sophia Road, S228197",228197,https://www.moe.gov.sg/schoolfinder/schooldetail/st-margarets-school-primary,,1.30390355715255,103.8459553156046,136 SOPHIA ROAD ST. MARGARET'S SCHOOL (PRIMARY) SINGAPORE 228197
St. Stephen's School,Bedok,"20 Siglap View, S455789",455789,https://www.moe.gov.sg/schoolfinder/schooldetail/st-stephens-school,,1.318789972951361,103.9172581295975,20 SIGLAP VIEW SAINT STEPHEN'S SCHOOL SINGAPORE 455789
Tampines North Primary School,Tampines,"30 Tampines Avenue 9, S529565",529565,https://www.moe.gov.sg/schoolfinder/schooldetail/tampines-north-primary-school,,1.360476414846836,103.9487257828322,30 TAMPINES AVENUE 9 TAMPINES NORTH PRIMARY SCHOOL SINGAPORE 529565
Tampines Primary School,Tampines,"250 Tampines Street 12, S529426",529426,https://www.moe.gov.sg/schoolfinder/schooldetail/tampines-primary-school,,1.349778708059279,103.9440046849856,250 TAMPINES STREET 12 TAMPINES PRIMARY SCHOOL SINGAPORE 529426
Tanjong Katong Primary School,Marine Parade,"10 Seraya Road, S437259",437259,https://www.moe.gov.sg/schoolfinder/schooldetail/tanjong-katong-primary-school,,1.305257832462434,103.9001626530914,10 SERAYA ROAD TANJONG KATONG PRIMARY SCHOOL SINGAPORE 437259
Tao Nan School,Marine Parade,"49 Marine Crescent, S449761",449761,https://www.moe.gov.sg/schoolfinder/schooldetail/tao-nan-school,,1.305285286873217,103.9115531523253,49 MARINE CRESCENT TAO NAN SCHOOL SINGAPORE 449761
Teck Ghee Primary School,Ang Mo Kio,"1 Ang Mo Kio Street 32, S569299",569299,https://www.moe.gov.sg/schoolfinder/schooldetail/teck-ghee-primary-school,,1.365587820759683,103.8509571269816,1 ANG MO KIO STREET 32 TECK GHEE PRIMARY SCHOOL SINGAPORE 569299
Teck Whye Primary School,Choa Chu Kang,"11 Teck Whye Walk, S688261",688261,https://www.moe.gov.sg/schoolfinder/schooldetail/teck-whye-primary-school,,1.383649968344577,103.7532918570159,11 TECK WHYE WALK TECK WHYE PRIMARY SCHOOL SINGAPORE 688261
Telok Kurau Primary School,Bedok,"50 Bedok Reservoir Rd, S479239",479239,https://www.moe.gov.sg/schoolfinder/schooldetail/telok-kurau-primary-school,,1.331045854413487,103.9109340113368,50 BEDOK RESERVOIR ROAD TELOK KURAU PRIMARY SCHOOL SINGAPORE 479239
Temasek Primary School,Bedok,"501 Bedok South Ave 3, S469300",469300,https://www.moe.gov.sg/schoolfinder/schooldetail/temasek-primary-school,,1.317706775513332,103.9455906691627,501 BEDOK SOUTH AVENUE 3 TEMASEK PRIMARY SCHOOL SINGAPORE 469300
Townsville Primary School,Ang Mo Kio,"3 Ang Mo Kio Ave 10, S569730",569730,https://www.moe.gov.sg/schoolfinder/schooldetail/townsville-primary-school,"Townsville Primary School will relocate to East Canberra (Sembawang) area tentatively in 2029. The school will not be admitting students to Primary 1 (P1) through the P1 Registration Exercises from 2025 to 2027. The school will only admit its first batch of P1 students tentatively in 2029 via the 2028 P1 Registration Exercise. Students currently studying at the campus at 3 Ang Mo Kio Ave 10, Singapore 569730, will continue at the same location until they graduate by end 2030.",1.36003263746623,103.8538260483272,3 ANG MO KIO AVENUE 10 TOWNSVILLE PRIMARY SCHOOL SINGAPORE 569730
Unity Primary School,Choa Chu Kang,"21 Choa Chu Kang Crescent, S688268",688268,https://www.moe.gov.sg/schoolfinder/schooldetail/unity-primary-school,,1.402854818772471,103.746822625758,21 CHOA CHU KANG CRESCENT UNITY PRIMARY SCHOOL SINGAPORE 688268
Valour Primary School,Punggol,"49 Punggol Central, S828728",828728,https://www.moe.gov.sg/schoolfinder/schooldetail/valour-primary-school,,1.406835702153197,103.899078139493,49 PUNGGOL CENTRAL VALOUR PRIMARY SCHOOL SINGAPORE 828728
Waterway Primary School,Punggol,"70 Punggol Drive, S828802",828802,https://www.moe.gov.sg/schoolfinder/schooldetail/waterway-primary-school,,1.398828006265785,103.9186215815555,70 PUNGGOL DRIVE WATERWAY PRIMARY SCHOOL SINGAPORE 828802
Wellington Primary School,Sembawang,"10 Wellington Circle, S757702",757702,https://www.moe.gov.sg/schoolfinder/schooldetail/wellington-primary-school,,1.451920191554766,103.8223037190938,10 WELLINGTON CIRCLE WELLINGTON PRIMARY SCHOOL SINGAPORE 757702
West Grove Primary School,Jurong West,"1 Jurong West St 72, S649223",649223,https://www.moe.gov.sg/schoolfinder/schooldetail/west-grove-primary-school,,1.344879056001406,103.6992863605808,1 JURONG WEST STREET 72 WEST GROVE PRIMARY SCHOOL SINGAPORE 649223
West Spring Primary School,Bukit Panjang,"60 Bukit Panjang Ring Road, S679946",679946,https://www.moe.gov.sg/schoolfinder/schooldetail/west-spring-primary-school,,1.389441458989443,103.7661957118344,60 BUKIT PANJANG RING ROAD WEST SPRING PRIMARY SCHOOL SINGAPORE 679946
West View Primary School,Bukit Panjang,"31 Senja Road, S677742",677742,https://www.moe.gov.sg/schoolfinder/schooldetail/west-view-primary-school,,1.3836758200336,103.7602404343173,31 SENJA ROAD WEST VIEW PRIMARY SCHOOL SINGAPORE 677742
Westwood Primary School,Jurong West,"1 Jurong West Street 73, S649188",649188,https://www.moe.gov.sg/schoolfinder/schooldetail/westwood-primary-school,,1.347184566063761,103.7005342097801,1 JURONG WEST STREET 73 WESTWOOD PRIMARY SCHOOL SINGAPORE 649188
White Sands Primary School,Pasir Ris,"2 Pasir Ris St 11, S519075",519075,https://www.moe.gov.sg/schoolfinder/schooldetail/white-sands-primary-school,,1.365557146685551,103.9609188693188,2 PASIR RIS STREET 11 WHITE SANDS PRIMARY SCHOOL SINGAPORE 519075
Woodgrove Primary School,Woodlands,"2 Woodlands Drive 14, S738079",738079,https://www.moe.gov.sg/schoolfinder/schooldetail/woodgrove-primary-school,,1.433103401689676,103.7906044376122,2 WOODLANDS DRIVE 14 WOODGROVE PRIMARY SCHOOL SINGAPORE 738079
Woodlands Primary School,Woodlands,"10 Woodlands Drive 50, S738853",738853,https://www.moe.gov.sg/schoolfinder/schooldetail/woodlands-primary-school,,1.436551085942318,103.7915705465082,10 WOODLANDS DRIVE 50 WOODLANDS PRIMARY SCHOOL SINGAPORE 738853
Woodlands Ring Primary School,Woodlands,"11 Woodlands Ring Road, S738240",738240,https://www.moe.gov.sg/schoolfinder/schooldetail/woodlands-ring-primary-school,,1.434952293158581,103.7974357331442,11 WOODLANDS RING ROAD WOODLANDS RING PRIMARY SCHOOL SINGAPORE 738240
Xinghua Primary School,Hougang,"45 Hougang Avenue 1, S538882",538882,https://www.moe.gov.sg/schoolfinder/schooldetail/xinghua-primary-school,,1.357908935895362,103.8904728879052,45 HOUGANG AVENUE 1 XINGHUA PRIMARY SCHOOL SINGAPORE 538882
Xingnan Primary School,Jurong West,"5 Jurong West Street 91, S649036",649036,https://www.moe.gov.sg/schoolfinder/schooldetail/xingnan-primary-school,,1.342547448776947,103.6879502521022,5 JURONG WEST STREET 91 XINGNAN PRIMARY SCHOOL SINGAPORE 649036
Xinmin Primary School,Hougang,"9 Hougang Avenue 8, S538784",538784,https://www.moe.gov.sg/schoolfinder/schooldetail/xinmin-primary-school,,1.371395489419313,103.883080767491,9 HOUGANG AVENUE 8 XINMIN PRIMARY SCHOOL SINGAPORE 538784
Xishan Primary School,Yishun,"8 Yishun Street 21, S768611",768611,https://www.moe.gov.sg/schoolfinder/schooldetail/xishan-primary-school,,1.433471869250645,103.8377553194475,8 YISHUN STREET 21 XISHAN PRIMARY SCHOOL SINGAPORE 768611
Yangzheng Primary School,Serangoon,"15 Serangoon Avenue 3, S556108",556108,https://www.moe.gov.sg/schoolfinder/schooldetail/yangzheng-primary-school,,1.348645758409243,103.868595527042,15 SERANGOON AVENUE 3 YANGZHENG PRIMARY SCHOOL SINGAPORE 556108
Yew Tee Primary School,Choa Chu Kang,"10 Choa Chu Kang St 64, S689100",689100,https://www.moe.gov.sg/schoolfinder/schooldetail/yew-tee-primary-school,,1.396766009050365,103.7509859673458,10 CHOA CHU KANG STREET 64 YEW TEE PRIMARY SCHOOL SINGAPORE 689100
Yio Chu Kang Primary School,Hougang,"1 Hougang Street 51, S538720",538720,https://www.moe.gov.sg/schoolfinder/schooldetail/yio-chu-kang-primary-school,,1.37793264345277,103.885643682171,1 HOUGANG STREET 51 YIO CHU KANG PRIMARY SCHOOL SINGAPORE 538720
Yishun Primary School,Yishun,"500 Yishun Ring Road, S768679",768679,https://www.moe.gov.sg/schoolfinder/schooldetail/yishun-primary-school,,1.433386029756746,103.8340871159143,500 YISHUN RING ROAD YISHUN PRIMARY SCHOOL SINGAPORE 768679
Yu Neng Primary School,Bedok,"56 Bedok North St 3, S469623",469623,https://www.moe.gov.sg/schoolfinder/schooldetail/yu-neng-primary-school,,1.333889303440688,103.9321448573552,56 BEDOK NORTH STREET 3 YU NENG PRIMARY SCHOOL SINGAPORE 469623
Yuhua Primary School,Jurong East,"158 Jurong East Street 24, S609558",609558,https://www.moe.gov.sg/schoolfinder/schooldetail/yuhua-primary-school,,1.34280230475034,103.7411057726437,158 JURONG EAST STREET 24 YUHUA PRIMARY SCHOOL SINGAPORE 609558
Yumin Primary School,Tampines,"3 Tampines Street 21, S529393",529393,https://www.moe.gov.sg/schoolfinder/schooldetail/yumin-primary-school,,1.351291776569808,103.9504619270873,3 TAMPINES STREET 21 YUMIN PRIMARY SCHOOL SINGAPORE 529393
Zhangde Primary School,Bukit Merah,"51 Jalan Membina, S169485",169485,https://www.moe.gov.sg/schoolfinder/schooldetail/zhangde-primary-school,,1.284211533353803,103.8259518756613,51 JALAN MEMBINA ZHANGDE PRIMARY SCHOOL SINGAPORE 169485
Zhenghua Primary School,Bukit Panjang,"9 Fajar Road, S679002",679002,https://www.moe.gov.sg/schoolfinder/schooldetail/zhenghua-primary-school,,1.379548875122303,103.7693135217514,9 FAJAR ROAD ZHENGHUA PRIMARY SCHOOL SINGAPORE 679002
Zhonghua Primary School,Serangoon,"12 Serangoon Avenue 4, S556095",556095,https://www.moe.gov.sg/schoolfinder/schooldetail/zhonghua-primary-school,,1.360203297050483,103.8697624380833,12 SERANGOON AVENUE 4 ZHONGHUA PRIMARY SCHOOL SINGAPORE 556095
